{
	"0": {
		"text": "What type of dialog do you want to see?",
		"moretext": "Select your prefered option.",
		"responses": [
			{
				"text": "One-answer dialog",
				"next": "1"
			},
			{
				"text": "\"Back\" and \"Next\" options dialog",
				"next": "2"
			},
			{
				"text": "Neither of those"
			}
		]
	},
	"1": {
		"text": "Okay, here you go. You have got only one option.",
		"responses": [
			{
				"text": "Close"
			}
		]
	},
	"2": {
		"text": "So here you are - you can only go forward or backwards.",
		"moretext": "Use the left and right arrow keys to navigate.",
		"back": "0",
		"next": "3"
	},
	"3": {
		"text": "Cool! Now you can navigate in dialogs, which don't have responses.",
		"back": "2",
		"next": "4"
	},
	"4": {
		"text": "You cannot go back here...",
		"moretext": "But you can still go to the next option.",
		"next": "5"
	},
	"5": {
		"text": "Here you can choose to which of all dialogs you want to go to.",
		"responses": [
			{
				"text": "0",
				"next": "0"
			},
			{
				"text": "1",
				"next": "1"
			},
			{
				"text": "2",
				"next": "2"
			},
			{
				"text": "3",
				"next": "3"
			},
			{
				"text": "4",
				"next": "4"
			},
			{
				"text": "Close"
			}
		]
	}
}
